URL,Version,Status,OIDs,Name,Title,Description,Uses,Used,Sources
http://fhir.de/ValueSet/bfarm/icd-10-gm,1.5.4,active,,ICD10GMVS,ICD10GM ValueSet,"ICD-10-GM","StructureDefinition/senologie-operation","de.basisprofil.r4"
http://fhir.de/ValueSet/lebensphase-de,1.5.4,active,,ValueSetLebensphaseDe,LebensphaseDe ValueSet,"Dieses Valueset enthält Snomedcodes zur Angabe der Lebensphase","StructureDefinition/senologie-diagnose-maligne","SCT"
http://hl7.org/fhir/ValueSet/additional-instruction-codes,4.0.1,draft,"2.16.840.1.113883.4.642.3.95",SNOMEDCTAdditionalDosageInstructions,SNOMED CT Additional Dosage Instructions,"This value set includes all SNOMED CT Additional Dosage Instructions.","StructureDefinition/senologie-geplante-systemtherapie,StructureDefinition/senologie-systemtherapie-medikation,StructureDefinition/senologie-begleitmedikation","SCT"
http://hl7.org/fhir/ValueSet/administration-method-codes,4.0.1,draft,"2.16.840.1.113883.4.642.3.97",SNOMEDCTAdministrationMethodCodes,SNOMED CT Administration Method Codes,"This value set includes some method codes from SNOMED CT - provided as an exemplar","StructureDefinition/senologie-geplante-systemtherapie,StructureDefinition/senologie-systemtherapie-medikation,StructureDefinition/senologie-begleitmedikation","SCT"
http://hl7.org/fhir/ValueSet/administrative-gender,4.0.1,active,"2.16.840.1.113883.4.642.3.1",AdministrativeGender,AdministrativeGender,"The gender of a person used for administrative purposes.","StructureDefinition/senologie-familienanamnese","hl7.fhir.uv.xver-r5.r4"
http://hl7.org/fhir/ValueSet/adverse-event-actuality,4.0.1,draft,"2.16.840.1.113883.4.642.3.831",AdverseEventActuality,AdverseEventActuality,"Overall nature of the adverse event, e.g. real or potential.","StructureDefinition/senologie-nebenwirkung","hl7.fhir.uv.xver-r5.r4"
http://hl7.org/fhir/ValueSet/adverse-event-category,4.0.1,draft,"2.16.840.1.113883.4.642.3.833",AdverseEventCategory,AdverseEventCategory,"Overall categorization of the event, e.g. product-related or situational.","StructureDefinition/senologie-nebenwirkung","THO"
http://hl7.org/fhir/ValueSet/adverse-event-causality-assess,4.0.1,draft,"2.16.840.1.113883.4.642.3.840",AdverseEventCausalityAssessment,AdverseEventCausalityAssessment,"Codes for the assessment of whether the entity caused the event.","StructureDefinition/senologie-nebenwirkung","THO"
http://hl7.org/fhir/ValueSet/adverse-event-causality-method,4.0.1,draft,"2.16.840.1.113883.4.642.3.842",AdverseEventCausalityMethod,AdverseEventCausalityMethod,"TODO.","StructureDefinition/senologie-nebenwirkung","THO"
http://hl7.org/fhir/ValueSet/adverse-event-outcome,4.0.1,draft,"2.16.840.1.113883.4.642.3.836",AdverseEventOutcome,AdverseEventOutcome,"TODO (and should this be required?).","StructureDefinition/senologie-nebenwirkung","THO"
http://hl7.org/fhir/ValueSet/adverse-event-severity,4.0.1,draft,"2.16.840.1.113883.4.642.3.844",AdverseEventSeverity,AdverseEventSeverity,"The severity of the adverse event itself, in direct relation to the subject.","StructureDefinition/senologie-nebenwirkung","THO"
http://hl7.org/fhir/ValueSet/adverse-event-type,4.0.1,draft,"2.16.840.1.113883.4.642.3.835",SNOMEDCTClinicalFindings,SNOMED CT Clinical Findings,"This value set includes all SNOMED CT Clinical Findings.","StructureDefinition/senologie-nebenwirkung","SCT"
http://hl7.org/fhir/ValueSet/approach-site-codes,4.0.1,draft,"2.16.840.1.113883.4.642.3.346",SNOMEDCTAnatomicalStructureForAdministrationSiteCodes,SNOMED CT Anatomical Structure for Administration Site Codes,"This value set includes Anatomical Structure codes from SNOMED CT - provided as an exemplar.","StructureDefinition/senologie-geplante-systemtherapie,StructureDefinition/senologie-systemtherapie-medikation,StructureDefinition/senologie-begleitmedikation","SCT"
http://hl7.org/fhir/ValueSet/body-site,4.0.1,draft,"2.16.840.1.113883.4.642.3.141",SNOMEDCTBodyStructures,SNOMED CT Body Structures,"This value set includes all codes from [SNOMED CT](http://snomed.info/sct) where concept is-a 442083009 (Anatomical or acquired body site (body structure)).","StructureDefinition/senologie-pathologie-praeparat,StructureDefinition/senologie-operative-komplikation,StructureDefinition/senologie-operation,StructureDefinition/senologie-follow-up,StructureDefinition/senologie-bildgebung-observation,StructureDefinition/senologie-tumorlokalisation,StructureDefinition/senologie-klinische-untersuchung,StructureDefinition/senologie-gynaekologische-anamnese,StructureDefinition/senologie-sozialdienst,StructureDefinition/senologie-ki67-proliferationsindex,StructureDefinition/senologie-psychoonkologie,StructureDefinition/senologie-diagnose-benigne,StructureDefinition/senologie-checkliste-erbliche-belastung,StructureDefinition/senologie-systemtherapie-procedure,StructureDefinition/senologie-genexpressions-score,StructureDefinition/senologie-diagnose-maligne,StructureDefinition/senologie-op-planung,StructureDefinition/senologie-pdl1-status,StructureDefinition/senologie-somatische-mutation","SCT"
http://hl7.org/fhir/ValueSet/bodystructure-code,4.0.1,draft,"2.16.840.1.113883.4.642.3.142",SNOMEDCTMorphologicAbnormalities,SNOMED CT Morphologic Abnormalities,"This value set includes all codes from [SNOMED CT](http://snomed.info/sct) where concept is-a 442083009 (Anatomical or acquired body site (body structure)).","StructureDefinition/senologie-tumorlokalisation","SCT"
http://hl7.org/fhir/ValueSet/care-plan-activity-kind,4.0.1,draft,"2.16.840.1.113883.4.642.3.145",CarePlanActivityKind,Care Plan Activity Kind,"Resource types defined as part of FHIR that can be represented as in-line definitions of a care plan activity.","StructureDefinition/senologie-tumorboard-empfehlung","hl7.fhir.r4.core"
http://hl7.org/fhir/ValueSet/care-plan-activity-outcome,4.0.1,draft,"2.16.840.1.113883.4.642.3.149",CarePlanActivityOutcome,Care Plan Activity Outcome,"Example codes indicating the outcome of a care plan activity. Note that these are in no way complete and might not even be appropriate for some uses.","StructureDefinition/senologie-tumorboard-empfehlung","SCT"
http://hl7.org/fhir/ValueSet/care-plan-activity-status,4.0.1,draft,"2.16.840.1.113883.4.642.3.146",CarePlanActivityStatus,CarePlanActivityStatus,"Codes that reflect the current state of a care plan activity within its overall life cycle.","StructureDefinition/senologie-tumorboard-empfehlung","hl7.fhir.r4.core"
http://hl7.org/fhir/ValueSet/care-plan-category,4.0.1,draft,"2.16.840.1.113883.4.642.3.148",CarePlanCategory,Care Plan Category,"Example codes indicating the category a care plan falls within.  Note that these are in no way complete and might not even be appropriate for some uses.","StructureDefinition/senologie-tumorboard-empfehlung","SCT"
http://hl7.org/fhir/ValueSet/care-plan-intent,4.0.1,draft,"2.16.840.1.113883.4.642.3.150",CarePlanIntent,Care Plan Intent,"Codes indicating the degree of authority/intentionality associated with a care plan.","StructureDefinition/senologie-tumorboard-empfehlung","hl7.fhir.uv.xver-r5.r4"
http://hl7.org/fhir/ValueSet/clinical-findings,4.0.1,draft,"2.16.840.1.113883.4.642.3.232",SNOMEDCTClinicalFindings,SNOMED CT Clinical Findings,"This value set includes all the ""Clinical finding"" [SNOMED CT](http://snomed.info/sct) codes - concepts where concept is-a 404684003 (Clinical finding (finding)).","StructureDefinition/senologie-familienanamnese,StructureDefinition/senologie-pathologie-befund,StructureDefinition/senologie-bildgebung-sonstige,StructureDefinition/senologie-tumorboard-empfehlung,StructureDefinition/senologie-bildgebung-befund","SCT"
http://hl7.org/fhir/ValueSet/common-tags,4.0.1,draft,"2.16.840.1.113883.4.642.3.79",CommonTags,Common Tags,"Common Tag Codes defined by FHIR project","StructureDefinition/senologie-pathologie-praeparat,StructureDefinition/senologie-operation,StructureDefinition/senologie-systemtherapie-procedure,StructureDefinition/senologie-strahlentherapie,StructureDefinition/senologie-pathologie-befund,StructureDefinition/senologie-follow-up,StructureDefinition/senologie-diagnose-maligne,StructureDefinition/senologie-tumorlokalisation,StructureDefinition/senologie-systemtherapie-medikation,StructureDefinition/senologie-nebenwirkung,StructureDefinition/senologie-somatische-mutation,StructureDefinition/senologie-pdl1-status","THO"
http://hl7.org/fhir/ValueSet/condition-category,4.0.1,draft,"2.16.840.1.113883.4.642.3.162",ConditionCategoryCodes,Condition Category Codes,"Preferred value set for Condition Categories.","StructureDefinition/senologie-diagnose-benigne,StructureDefinition/senologie-diagnose-maligne","THO"
http://hl7.org/fhir/ValueSet/condition-clinical,4.0.1,draft,"2.16.840.1.113883.4.642.3.164",ConditionClinicalStatusCodes,Condition Clinical Status Codes,"Preferred value set for Condition Clinical Status.","StructureDefinition/senologie-diagnose-benigne,StructureDefinition/senologie-diagnose-maligne","THO"
http://hl7.org/fhir/ValueSet/condition-code,4.0.1,draft,"2.16.840.1.113883.4.642.3.161",Condition/Problem/DiagnosisCodes,Condition/Problem/Diagnosis Codes,"Example value set for Condition/Problem/Diagnosis codes.","StructureDefinition/senologie-familienanamnese,StructureDefinition/senologie-diagnose-benigne,StructureDefinition/senologie-psychoonkologie,StructureDefinition/senologie-operation,StructureDefinition/senologie-systemtherapie-procedure,StructureDefinition/senologie-geplante-systemtherapie,StructureDefinition/senologie-strahlentherapie,StructureDefinition/senologie-diagnose-maligne,StructureDefinition/senologie-systemtherapie-medikation,StructureDefinition/senologie-sozialdienst,StructureDefinition/senologie-begleitmedikation","SCT"
http://hl7.org/fhir/ValueSet/condition-outcome,4.0.1,draft,"2.16.840.1.113883.4.642.3.967",ConditionOutcomeCodes,Condition Outcome Codes,"Example value set for condition outcomes.","StructureDefinition/senologie-familienanamnese","SCT"
http://hl7.org/fhir/ValueSet/condition-predecessor,5.3.0-ballot-tc1,active,"2.16.840.1.113883.4.642.2.377,2.16.840.1.113883.4.642.3.966,2.16.840.1.113883.4.642.3.880",ConditionPredecessorCodes,Condition Predecessor Codes,"Example value set for condition predecessor codes.","StructureDefinition/senologie-diagnose-maligne","SCT"
http://hl7.org/fhir/ValueSet/condition-severity,4.0.1,draft,"2.16.840.1.113883.4.642.3.168",Condition/DiagnosisSeverity,Condition/Diagnosis Severity,"Preferred value set for Condition/Diagnosis severity grading.","StructureDefinition/senologie-diagnose-benigne,StructureDefinition/senologie-diagnose-maligne","SCT"
http://hl7.org/fhir/ValueSet/condition-stage,4.0.1,draft,"2.16.840.1.113883.4.642.3.170",ConditionStage,Condition Stage,"Example value set for stages of cancer and other conditions.","StructureDefinition/senologie-diagnose-benigne,StructureDefinition/senologie-diagnose-maligne","SCT"
http://hl7.org/fhir/ValueSet/condition-stage-type,4.0.1,draft,"2.16.840.1.113883.4.642.3.171",ConditionStageType,Condition Stage Type,"Example value set for the type of stages of cancer and other conditions","StructureDefinition/senologie-diagnose-benigne,StructureDefinition/senologie-diagnose-maligne","SCT"
http://hl7.org/fhir/ValueSet/condition-ver-status,4.0.1,draft,"2.16.840.1.113883.4.642.3.166",ConditionVerificationStatus,ConditionVerificationStatus,"The verification status to support or decline the clinical status of the condition or diagnosis.","StructureDefinition/senologie-diagnose-benigne,StructureDefinition/senologie-diagnose-maligne","THO"
http://hl7.org/fhir/ValueSet/data-absent-reason,4.0.1,active,"2.16.840.1.113883.4.642.3.5",DataAbsentReason,DataAbsentReason,"Used to specify why the normally expected content of the data element is missing.","StructureDefinition/senologie-checkliste-erbliche-belastung,StructureDefinition/senologie-operative-komplikation,StructureDefinition/senologie-follow-up,StructureDefinition/senologie-bildgebung-observation,StructureDefinition/senologie-genexpressions-score,StructureDefinition/senologie-klinische-untersuchung,StructureDefinition/senologie-gynaekologische-anamnese,StructureDefinition/senologie-ki67-proliferationsindex,StructureDefinition/senologie-somatische-mutation,StructureDefinition/senologie-pdl1-status","THO"
http://hl7.org/fhir/ValueSet/days-of-week,4.0.1,active,"2.16.840.1.113883.4.642.3.512",DaysOfWeek,DaysOfWeek,"The days of the week.","StructureDefinition/senologie-systemtherapie-medikation","hl7.fhir.uv.xver-r5.r4"
http://hl7.org/fhir/ValueSet/device-action,4.0.1,draft,"2.16.840.1.113883.4.642.3.425",ProcedureDeviceActionCodes,Procedure Device Action Codes,"Example codes indicating the change that happened to the device during the procedure.  Note that these are in no way complete and might not even be appropriate for some uses.","StructureDefinition/senologie-psychoonkologie,StructureDefinition/senologie-operation,StructureDefinition/senologie-systemtherapie-procedure,StructureDefinition/senologie-strahlentherapie,StructureDefinition/senologie-sozialdienst","SCT"
http://hl7.org/fhir/ValueSet/device-kind,4.0.1,draft,"2.16.840.1.113883.4.642.3.208",FHIRDeviceTypes,FHIR Device Types,"Codes used to identify medical devices. Includes concepts from SNOMED CT (http://www.snomed.org/) where concept is-a 49062001 (Device)  and is provided as a suggestive example.","StructureDefinition/senologie-psychoonkologie,StructureDefinition/senologie-operation,StructureDefinition/senologie-strahlentherapie,StructureDefinition/senologie-sozialdienst","SCT"
http://hl7.org/fhir/ValueSet/device-nametype,4.0.1,draft,"2.16.840.1.113883.4.642.3.1083",DeviceNameType,DeviceNameType,"The type of name the device is referred by.","StructureDefinition/senologie-implantat","hl7.fhir.uv.xver-r5.r4"
http://hl7.org/fhir/ValueSet/device-status,4.0.1,draft,"2.16.840.1.113883.4.642.3.209",FHIRDeviceStatus,FHIRDeviceStatus,"The availability status of the device.","StructureDefinition/senologie-implantat","hl7.fhir.uv.xver-r5.r4"
http://hl7.org/fhir/ValueSet/device-status-reason,4.0.1,draft,"2.16.840.1.113883.4.642.3.1081",FHIRDeviceStatusReason,FHIRDeviceStatusReason,"The availability status reason of the device.","StructureDefinition/senologie-implantat","THO"
http://hl7.org/fhir/ValueSet/device-type,4.0.1,draft,"2.16.840.1.113883.4.642.3.1376",DeviceType,Device Type,"Codes used to identify medical devices. Includes concepts from SNOMED CT (http://www.snomed.org/) where concept is-a 49062001 (Device)  and is provided as a suggestive example.","StructureDefinition/senologie-implantat","SCT"
http://hl7.org/fhir/ValueSet/diagnostic-report-status,4.0.1,draft,"2.16.840.1.113883.4.642.3.235",DiagnosticReportStatus,DiagnosticReportStatus,"The status of the diagnostic report.","StructureDefinition/senologie-pathologie-befund,StructureDefinition/senologie-bildgebung-sonstige,StructureDefinition/senologie-bildgebung-befund","hl7.fhir.uv.xver-r5.r4"
http://hl7.org/fhir/ValueSet/diagnostic-service-sections,4.0.1,draft,"2.16.840.1.113883.4.642.3.234",DiagnosticServiceSectionCodes,Diagnostic Service Section Codes,"This value set includes all the codes in HL7 V2 table 0074.","StructureDefinition/senologie-bildgebung-sonstige,StructureDefinition/senologie-bildgebung-befund","THO (V2)"
http://hl7.org/fhir/ValueSet/dose-rate-type,4.0.1,draft,"2.16.840.1.113883.4.642.3.981",DoseAndRateType,DoseAndRateType,"The kind of dose or rate specified.","StructureDefinition/senologie-geplante-systemtherapie,StructureDefinition/senologie-systemtherapie-medikation,StructureDefinition/senologie-begleitmedikation","THO"
http://hl7.org/fhir/ValueSet/event-status,4.0.1,draft,"2.16.840.1.113883.4.642.3.109",EventStatus,EventStatus,"Codes identifying the lifecycle stage of an event.","StructureDefinition/senologie-psychoonkologie,StructureDefinition/senologie-operation,StructureDefinition/senologie-systemtherapie-procedure,StructureDefinition/senologie-strahlentherapie,StructureDefinition/senologie-sozialdienst","hl7.fhir.uv.xver-r5.r4"
http://hl7.org/fhir/ValueSet/event-timing,4.0.1,active,"2.16.840.1.113883.4.642.3.75",EventTiming,EventTiming,"Real world event relating to the schedule.","StructureDefinition/senologie-systemtherapie-medikation","THO (V3),hl7.fhir.uv.xver-r5.r4"
http://hl7.org/fhir/ValueSet/history-absent-reason,4.0.1,draft,"2.16.840.1.113883.4.642.3.269",FamilyHistoryAbsentReason,FamilyHistoryAbsentReason,"Codes describing the reason why a family member's history is not available.","StructureDefinition/senologie-familienanamnese","THO"
http://hl7.org/fhir/ValueSet/history-status,4.0.1,draft,"2.16.840.1.113883.4.642.3.267",FamilyHistoryStatus,FamilyHistoryStatus,"A code that identifies the status of the family history record.","StructureDefinition/senologie-familienanamnese","hl7.fhir.uv.xver-r5.r4"
http://hl7.org/fhir/ValueSet/identifier-type,4.0.1,active,"2.16.840.1.113883.4.642.3.45",Identifier Type Codes,IdentifierType,"A coded type for an identifier that can be used to determine which identifier to use for a specific purpose.","StructureDefinition/senologie-pathologie-praeparat,StructureDefinition/senologie-pathologie-befund","THO (V2)"
http://hl7.org/fhir/ValueSet/identifier-use,4.0.1,active,"2.16.840.1.113883.4.642.3.57",IdentifierUse,IdentifierUse,"Identifies the purpose for this identifier, if known .","StructureDefinition/senologie-pathologie-praeparat,StructureDefinition/senologie-pathologie-befund","hl7.fhir.uv.xver-r5.r4"
http://hl7.org/fhir/ValueSet/languages,4.0.1,draft,"2.16.840.1.113883.4.642.3.20",CommonLanguages,Common Languages,"This value set includes common codes from BCP-47 (http://tools.ietf.org/html/bcp47)","StructureDefinition/senologie-pathologie-praeparat,StructureDefinition/senologie-operation,StructureDefinition/senologie-follow-up,StructureDefinition/senologie-gynaekologische-anamnese,StructureDefinition/senologie-sozialdienst,StructureDefinition/senologie-diagnose-benigne,StructureDefinition/senologie-checkliste-erbliche-belastung,StructureDefinition/senologie-geplante-systemtherapie,StructureDefinition/senologie-pathologie-befund,StructureDefinition/senologie-genexpressions-score,StructureDefinition/senologie-diagnose-maligne,StructureDefinition/senologie-nebenwirkung,StructureDefinition/senologie-op-planung,StructureDefinition/senologie-pdl1-status,StructureDefinition/senologie-familienanamnese,StructureDefinition/senologie-operative-komplikation,StructureDefinition/senologie-bildgebung-observation,StructureDefinition/senologie-tumorlokalisation,StructureDefinition/senologie-systemtherapie-medikation,StructureDefinition/senologie-klinische-untersuchung,StructureDefinition/senologie-tumorboard-empfehlung,StructureDefinition/senologie-ki67-proliferationsindex,StructureDefinition/senologie-implantat,StructureDefinition/senologie-psychoonkologie,StructureDefinition/senologie-genexpressionstest,StructureDefinition/senologie-studienteilnahme,StructureDefinition/senologie-systemtherapie-procedure,StructureDefinition/senologie-strahlentherapie,StructureDefinition/senologie-bildgebung-sonstige,StructureDefinition/senologie-bildgebung-befund,StructureDefinition/senologie-somatische-mutation,StructureDefinition/senologie-begleitmedikation","hl7.fhir.uv.xver-r5.r4"
http://hl7.org/fhir/ValueSet/manifestation-or-symptom,4.0.1,draft,"2.16.840.1.113883.4.642.3.169",ManifestationAndSymptomCodes,Manifestation and Symptom Codes,"Example value set for Manifestation and Symptom codes.","StructureDefinition/senologie-diagnose-benigne,StructureDefinition/senologie-diagnose-maligne","SCT"
http://hl7.org/fhir/ValueSet/medication-as-needed-reason,4.0.1,draft,"2.16.840.1.113883.4.642.3.96",SNOMEDCTMedicationAsNeededReasonCodes,SNOMED CT Medication As Needed Reason Codes,"This value set includes all clinical findings from SNOMED CT - provided as an exemplar value set.","StructureDefinition/senologie-geplante-systemtherapie,StructureDefinition/senologie-systemtherapie-medikation,StructureDefinition/senologie-begleitmedikation,StructureDefinition/senologie-op-planung","SCT"
http://hl7.org/fhir/ValueSet/medication-codes,4.0.1,draft,"2.16.840.1.113883.4.642.3.375",SNOMEDCTMedicationCodes,SNOMED CT Medication Codes,"This value set includes all drug or medicament substance codes and all pharmaceutical/biologic products from SNOMED CT - provided as an exemplar value set.","StructureDefinition/senologie-geplante-systemtherapie,StructureDefinition/senologie-systemtherapie-medikation,StructureDefinition/senologie-tumorboard-empfehlung","SCT"
http://hl7.org/fhir/ValueSet/medication-statement-category,4.0.1,draft,"2.16.840.1.113883.4.642.3.370",Medication usage category codes,Medication usage category codes,"Medication Status Codes","StructureDefinition/senologie-systemtherapie-medikation,StructureDefinition/senologie-begleitmedikation","THO"
http://hl7.org/fhir/ValueSet/medication-statement-status,4.0.1,draft,"2.16.840.1.113883.4.642.3.367",Medication Status Codes,Medication  status  codes,"Medication Status Codes","StructureDefinition/senologie-systemtherapie-medikation,StructureDefinition/senologie-begleitmedikation","hl7.fhir.uv.xver-r5.r4"
http://hl7.org/fhir/ValueSet/medicationrequest-category,4.0.1,draft,"2.16.840.1.113883.4.642.3.1322",medicationRequest Category Codes,Medication request  category  codes,"MedicationRequest Category Codes","StructureDefinition/senologie-geplante-systemtherapie","THO"
http://hl7.org/fhir/ValueSet/medicationrequest-course-of-therapy,4.0.1,draft,"2.16.840.1.113883.4.642.3.1326",medicationRequest Course of Therapy Codes,Medication request  course of  therapy  codes,"MedicationRequest Course of Therapy Codes","StructureDefinition/senologie-geplante-systemtherapie","THO"
http://hl7.org/fhir/ValueSet/medicationrequest-intent,4.0.1,draft,"2.16.840.1.113883.4.642.3.1321",medicationRequest Intent,Medication request  intent,"MedicationRequest Intent Codes","StructureDefinition/senologie-geplante-systemtherapie","hl7.fhir.uv.xver-r5.r4"
http://hl7.org/fhir/ValueSet/medicationrequest-status,4.0.1,draft,"2.16.840.1.113883.4.642.3.1320",medicationrequest Status,Medicationrequest  status,"MedicationRequest Status Codes","StructureDefinition/senologie-geplante-systemtherapie","hl7.fhir.uv.xver-r5.r4"
http://hl7.org/fhir/ValueSet/medicationrequest-status-reason,4.0.1,draft,"2.16.840.1.113883.4.642.3.1324",medicationRequest Status Reason Codes,Medication request  status  reason  codes,"MedicationRequest Status Reason Codes","StructureDefinition/senologie-geplante-systemtherapie","THO"
http://hl7.org/fhir/ValueSet/observation-category,4.0.1,draft,"2.16.840.1.113883.4.642.3.403",ObservationCategoryCodes,Observation Category Codes,"Observation Category codes.","StructureDefinition/senologie-checkliste-erbliche-belastung,StructureDefinition/senologie-operative-komplikation,StructureDefinition/senologie-follow-up,StructureDefinition/senologie-bildgebung-observation,StructureDefinition/senologie-genexpressions-score,StructureDefinition/senologie-klinische-untersuchung,StructureDefinition/senologie-gynaekologische-anamnese,StructureDefinition/senologie-ki67-proliferationsindex,StructureDefinition/senologie-somatische-mutation,StructureDefinition/senologie-pdl1-status","THO"
http://hl7.org/fhir/ValueSet/observation-codes,4.0.1,draft,"2.16.840.1.113883.4.642.3.396",LOINCCodes,LOINC Codes,"This value set includes all LOINC codes","StructureDefinition/senologie-checkliste-erbliche-belastung,StructureDefinition/senologie-operative-komplikation,StructureDefinition/senologie-follow-up,StructureDefinition/senologie-bildgebung-observation,StructureDefinition/senologie-genexpressions-score,StructureDefinition/senologie-klinische-untersuchung,StructureDefinition/senologie-gynaekologische-anamnese,StructureDefinition/senologie-ki67-proliferationsindex,StructureDefinition/senologie-somatische-mutation,StructureDefinition/senologie-pdl1-status","LOINC"
http://hl7.org/fhir/ValueSet/observation-interpretation,4.0.1,active,"2.16.840.1.113883.4.642.3.399",ObservationInterpretationCodes,Observation Interpretation Codes,"A categorical assessment, providing a rough qualitative interpretation of the observation value,    such as “normal”/ “abnormal”,”low” / “high”, “better” / “worse”, “susceptible” / “resistant”, “expected”/ “not expected”.    The value set is intended to be for ANY use where coded representation of an interpretation is needed.             Notes:          This is being communicated in v2.x in OBX-8 (Observation Interpretation), in v3 in ObservationInterpretation (CWE) in R1 (Representative Realm) and in FHIR in    Observation.interpretation. Historically these values come from the laboratory domain, and these codes are extensively    used. The value set binding is extensible, so codes outside the value set that are needed for interpretation concepts    (i.e. particular meanings) that are not included in the value set can be used, and these new codes may also be added to    the value set and published in a future version.","StructureDefinition/senologie-checkliste-erbliche-belastung,StructureDefinition/senologie-operative-komplikation,StructureDefinition/senologie-follow-up,StructureDefinition/senologie-bildgebung-observation,StructureDefinition/senologie-genexpressions-score,StructureDefinition/senologie-klinische-untersuchung,StructureDefinition/senologie-gynaekologische-anamnese,StructureDefinition/senologie-ki67-proliferationsindex,StructureDefinition/senologie-somatische-mutation,StructureDefinition/senologie-pdl1-status","THO (V3)"
http://hl7.org/fhir/ValueSet/observation-methods,4.0.1,draft,"2.16.840.1.113883.4.642.3.395",ObservationMethods,Observation Methods,"Observation Method codes from [SNOMED CT](http://snomed.info/sct) where concept is-a 272394005 (Technique (qualifier value)) or is-a 129264002 (Action (qualifier value)) or is-a 386053000 (Evaluation procedure(procedure))","StructureDefinition/senologie-checkliste-erbliche-belastung,StructureDefinition/senologie-operative-komplikation,StructureDefinition/senologie-follow-up,StructureDefinition/senologie-bildgebung-observation,StructureDefinition/senologie-genexpressions-score,StructureDefinition/senologie-klinische-untersuchung,StructureDefinition/senologie-gynaekologische-anamnese,StructureDefinition/senologie-ki67-proliferationsindex,StructureDefinition/senologie-pdl1-status","SCT"
http://hl7.org/fhir/ValueSet/observation-status,4.0.1,active,"2.16.840.1.113883.4.642.3.400",ObservationStatus,ObservationStatus,"Codes providing the status of an observation.","StructureDefinition/senologie-genexpressionstest,StructureDefinition/senologie-checkliste-erbliche-belastung,StructureDefinition/senologie-operative-komplikation,StructureDefinition/senologie-follow-up,StructureDefinition/senologie-bildgebung-observation,StructureDefinition/senologie-genexpressions-score,StructureDefinition/senologie-klinische-untersuchung,StructureDefinition/senologie-gynaekologische-anamnese,StructureDefinition/senologie-ki67-proliferationsindex,StructureDefinition/senologie-somatische-mutation,StructureDefinition/senologie-pdl1-status","hl7.fhir.uv.xver-r5.r4"
http://hl7.org/fhir/ValueSet/participant-role,4.0.1,draft,"2.16.840.1.113883.4.642.3.152",ParticipantRoles,Participant Roles,"Roles of participants that may be included in a care team.  Defined as: Is a Person, Healthcare professional (occupation) or Healthcare related organization (qualifier value).","StructureDefinition/senologie-op-planung","SCT"
http://hl7.org/fhir/ValueSet/performer-role,4.0.1,draft,"2.16.840.1.113883.4.642.3.433",ProcedurePerformerRoleCodes,Procedure Performer Role Codes,"This example value set defines the set of codes that can be used to indicate a role of a procedure performer.","StructureDefinition/senologie-psychoonkologie,StructureDefinition/senologie-operation,StructureDefinition/senologie-systemtherapie-procedure,StructureDefinition/senologie-geplante-systemtherapie,StructureDefinition/senologie-strahlentherapie,StructureDefinition/senologie-sozialdienst","SCT"
http://hl7.org/fhir/ValueSet/procedure-category,4.0.1,draft,"2.16.840.1.113883.4.642.3.430",ProcedureCategoryCodes(SNOMEDCT),Procedure Category Codes (SNOMED CT),"Procedure Category code: A selection of relevant SNOMED CT codes.","StructureDefinition/senologie-psychoonkologie,StructureDefinition/senologie-systemtherapie-procedure,StructureDefinition/senologie-strahlentherapie,StructureDefinition/senologie-sozialdienst","SCT"
http://hl7.org/fhir/ValueSet/procedure-code,4.0.1,draft,"2.16.840.1.113883.4.642.3.427",ProcedureCodes(SNOMEDCT),Procedure Codes (SNOMED CT),"Procedure Code: All SNOMED CT procedure codes.","StructureDefinition/senologie-psychoonkologie,StructureDefinition/senologie-operation,StructureDefinition/senologie-systemtherapie-procedure,StructureDefinition/senologie-tumorboard-empfehlung,StructureDefinition/senologie-sozialdienst,StructureDefinition/senologie-op-planung","SCT"
http://hl7.org/fhir/ValueSet/procedure-followup,4.0.1,draft,"2.16.840.1.113883.4.642.3.429",ProcedureFollowUpCodes(SNOMEDCT),Procedure Follow up Codes (SNOMED CT),"Procedure follow up codes: A selection of SNOMED CT codes relevant to procedure follow up.","StructureDefinition/senologie-psychoonkologie,StructureDefinition/senologie-operation,StructureDefinition/senologie-systemtherapie-procedure,StructureDefinition/senologie-strahlentherapie,StructureDefinition/senologie-sozialdienst","SCT"
http://hl7.org/fhir/ValueSet/procedure-not-performed-reason,4.0.1,active,"2.16.840.1.113883.4.642.3.431",ProcedureNotPerformedReason(SNOMED-CT),Procedure Not Performed Reason (SNOMED-CT),"Situation codes describing the reason that a procedure, which might otherwise be expected, was not performed, or a procedure that was started and was not completed. Consists of SNOMED CT codes, children of procedure contraindicated (183932001), procedure discontinued (416406003), procedure not done (416237000), procedure not indicated (428119001), procedure not offered (416064006), procedure not wanted (416432009), procedure refused (183944003), and procedure stopped (394908001).","StructureDefinition/senologie-psychoonkologie,StructureDefinition/senologie-operation,StructureDefinition/senologie-systemtherapie-procedure,StructureDefinition/senologie-strahlentherapie,StructureDefinition/senologie-sozialdienst","SCT"
http://hl7.org/fhir/ValueSet/procedure-outcome,4.0.1,draft,"2.16.840.1.113883.4.642.3.428",ProcedureOutcomeCodes(SNOMEDCT),Procedure Outcome Codes (SNOMED CT),"Procedure Outcome code: A selection of relevant SNOMED CT codes.","StructureDefinition/senologie-psychoonkologie,StructureDefinition/senologie-strahlentherapie,StructureDefinition/senologie-sozialdienst","SCT"
http://hl7.org/fhir/ValueSet/procedure-reason,4.0.1,draft,"2.16.840.1.113883.4.642.3.432",ProcedureReasonCodes,Procedure Reason Codes,"This example value set defines the set of codes that can be used to indicate a reason for a procedure.","StructureDefinition/senologie-psychoonkologie,StructureDefinition/senologie-operation,StructureDefinition/senologie-systemtherapie-procedure,StructureDefinition/senologie-strahlentherapie,StructureDefinition/senologie-sozialdienst,StructureDefinition/senologie-op-planung","SCT"
http://hl7.org/fhir/ValueSet/quantity-comparator,4.0.1,active,"2.16.840.1.113883.4.642.3.59",QuantityComparator,QuantityComparator,"How the Quantity should be understood and represented.","StructureDefinition/senologie-pathologie-praeparat,StructureDefinition/senologie-strahlentherapie,StructureDefinition/senologie-genexpressions-score,StructureDefinition/senologie-diagnose-maligne,StructureDefinition/senologie-systemtherapie-medikation,StructureDefinition/senologie-gynaekologische-anamnese,StructureDefinition/senologie-ki67-proliferationsindex,StructureDefinition/senologie-somatische-mutation","hl7.fhir.uv.xver-r5.r4"
http://hl7.org/fhir/ValueSet/reason-medication-status-codes,4.0.1,draft,"2.16.840.1.113883.4.642.3.369",SNOMEDCTDrugTherapyStatusCodes,SNOMED CT Drug Therapy Status codes ,"This value set includes some taken and not taken reason codes from SNOMED CT - provided as an exemplar","StructureDefinition/senologie-systemtherapie-medikation,StructureDefinition/senologie-begleitmedikation","SCT"
http://hl7.org/fhir/ValueSet/referencerange-appliesto,4.0.1,draft,"2.16.840.1.113883.4.642.3.407",ObservationReferenceRangeAppliesToCodes,Observation Reference Range Applies To Codes,"This value set defines a set of codes that can be used to indicate the particular target population the reference range applies to.","StructureDefinition/senologie-checkliste-erbliche-belastung,StructureDefinition/senologie-operative-komplikation,StructureDefinition/senologie-follow-up,StructureDefinition/senologie-bildgebung-observation,StructureDefinition/senologie-genexpressions-score,StructureDefinition/senologie-klinische-untersuchung,StructureDefinition/senologie-gynaekologische-anamnese,StructureDefinition/senologie-ki67-proliferationsindex,StructureDefinition/senologie-somatische-mutation,StructureDefinition/senologie-pdl1-status","SCT"
http://hl7.org/fhir/ValueSet/referencerange-meaning,4.0.1,draft,"2.16.840.1.113883.4.642.3.397",ObservationReferenceRangeMeaningCodes,Observation Reference Range Meaning Codes,"This value set defines a set of codes that can be used to indicate the meaning/use of a reference range for a particular target population.","StructureDefinition/senologie-checkliste-erbliche-belastung,StructureDefinition/senologie-operative-komplikation,StructureDefinition/senologie-follow-up,StructureDefinition/senologie-bildgebung-observation,StructureDefinition/senologie-genexpressions-score,StructureDefinition/senologie-klinische-untersuchung,StructureDefinition/senologie-gynaekologische-anamnese,StructureDefinition/senologie-ki67-proliferationsindex,StructureDefinition/senologie-somatische-mutation,StructureDefinition/senologie-pdl1-status","THO"
http://hl7.org/fhir/ValueSet/report-codes,4.0.1,draft,"2.16.840.1.113883.4.642.3.233",LOINCDiagnosticReportCodes,LOINC Diagnostic Report Codes,"This value set includes LOINC codes that relate to Diagnostic Observations.","StructureDefinition/senologie-pathologie-befund,StructureDefinition/senologie-bildgebung-sonstige,StructureDefinition/senologie-bildgebung-befund","LOINC"
http://hl7.org/fhir/ValueSet/request-intent,4.0.1,draft,"2.16.840.1.113883.4.642.3.113",RequestIntent,RequestIntent,"Codes indicating the degree of authority/intentionality associated with a request.","StructureDefinition/senologie-op-planung","hl7.fhir.uv.xver-r5.r4"
http://hl7.org/fhir/ValueSet/request-priority,4.0.1,draft,"2.16.840.1.113883.4.642.3.115",RequestPriority,Request priority,"The clinical priority of a diagnostic order.","StructureDefinition/senologie-geplante-systemtherapie,StructureDefinition/senologie-op-planung","hl7.fhir.uv.xver-r5.r4"
http://hl7.org/fhir/ValueSet/request-status,4.0.1,draft,"2.16.840.1.113883.4.642.3.111",RequestStatus,RequestStatus,"Codes identifying the lifecycle stage of a request.","StructureDefinition/senologie-tumorboard-empfehlung,StructureDefinition/senologie-op-planung","hl7.fhir.uv.xver-r5.r4"
http://hl7.org/fhir/ValueSet/research-subject-status,4.0.1,draft,"2.16.840.1.113883.4.642.3.829",ResearchSubjectStatus,ResearchSubjectStatus,"Indicates the progression of a study subject through a study.","StructureDefinition/senologie-studienteilnahme","hl7.fhir.r4.core"
http://hl7.org/fhir/ValueSet/resource-types,4.0.1,active,"2.16.840.1.113883.4.642.3.27",ResourceType,ResourceType,"One of the resource types defined as part of this version of FHIR.","StructureDefinition/senologie-pathologie-befund","hl7.fhir.r4.core"
http://hl7.org/fhir/ValueSet/route-codes,4.0.1,draft,"2.16.840.1.113883.4.642.3.98",SNOMEDCTRouteCodes,SNOMED CT Route Codes,"This value set includes all Route codes from SNOMED CT - provided as an exemplar.","StructureDefinition/senologie-geplante-systemtherapie,StructureDefinition/senologie-systemtherapie-medikation,StructureDefinition/senologie-begleitmedikation","SCT"
http://hl7.org/fhir/ValueSet/security-labels,4.0.1,active,"2.16.840.1.113883.4.642.3.47",All Security Labels,SecurityLabels,"A single value set for all security labels defined by FHIR.","StructureDefinition/senologie-pathologie-praeparat,StructureDefinition/senologie-operation,StructureDefinition/senologie-systemtherapie-procedure,StructureDefinition/senologie-strahlentherapie,StructureDefinition/senologie-pathologie-befund,StructureDefinition/senologie-follow-up,StructureDefinition/senologie-diagnose-maligne,StructureDefinition/senologie-tumorlokalisation,StructureDefinition/senologie-systemtherapie-medikation,StructureDefinition/senologie-nebenwirkung,StructureDefinition/senologie-somatische-mutation,StructureDefinition/senologie-pdl1-status",
http://hl7.org/fhir/ValueSet/servicerequest-category,4.0.1,draft,"2.16.840.1.113883.4.642.3.434",ServiceRequestCategoryCodes,Service Request Category Codes,"An example value set of SNOMED CT concepts that can classify a requested service","StructureDefinition/senologie-op-planung","SCT"
http://hl7.org/fhir/ValueSet/servicerequest-orderdetail,4.0.1,draft,"2.16.840.1.113883.4.642.3.435",ServiceRequestOrderDetailsCodes,Service Request Order Details Codes,"An example value set of Codified order entry details concepts.  These concepts only make sense in the context of what is being ordered.  This example is for a patient ventilation order","StructureDefinition/senologie-op-planung","SCT"
http://hl7.org/fhir/ValueSet/specimen-processing-procedure,4.0.1,draft,"2.16.840.1.113883.4.642.3.469",SpecimenProcessingProcedure,Specimen processing procedure,"The technique that is used to perform the process or preserve the specimen.","StructureDefinition/senologie-pathologie-praeparat","THO (V2)"
http://hl7.org/fhir/ValueSet/specimen-status,4.0.1,draft,"2.16.840.1.113883.4.642.3.471",SpecimenStatus,SpecimenStatus,"Codes providing the status/availability of a specimen.","StructureDefinition/senologie-pathologie-praeparat","hl7.fhir.uv.xver-r5.r4"
http://hl7.org/fhir/ValueSet/timing-abbreviation,4.0.1,draft,"2.16.840.1.113883.4.642.3.78",TimingAbbreviation,TimingAbbreviation,"Code for a known / defined timing pattern.","StructureDefinition/senologie-systemtherapie-medikation","THO (V3)"
http://hl7.org/fhir/ValueSet/udi-entry-type,4.0.1,draft,"2.16.840.1.113883.4.642.3.211",UDIEntryType,UDIEntryType,"Codes to identify how UDI data was entered.","StructureDefinition/senologie-implantat","hl7.fhir.uv.xver-r5.r4"
http://hl7.org/fhir/ValueSet/units-of-time,4.0.1,active,"2.16.840.1.113883.4.642.3.77",UnitsOfTime,UnitsOfTime,"A unit of time (units from UCUM).","StructureDefinition/senologie-systemtherapie-medikation","UCUM"
http://hl7.org/fhir/uv/genomics-reporting/ValueSet/dna-change-type-vs,3.0.0,active,,DNAChangeTypeVS,DNA Change Type,"DNA Change Type of a variant.","StructureDefinition/senologie-somatische-mutation","hl7.terminology.r4"
http://hl7.org/fhir/uv/genomics-reporting/ValueSet/hgnc-vs,3.0.0,active,,HGNCVS,HUGO Gene Nomenclature Committee Gene Names (HGNC),"This value set includes all HGNC Codes, which includes multiple code systems. In this guide, Gene IDs from HGNC are used as CodeableConcepts, which must be sent with the HGNC gene ID including the prefix 'HGNC:' as the code and the HGNC 'gene symbol' as display. CAUTION: HGNC also indexes gene groups by numeric ID (without a prefix), and older systems may send HGNC gene IDs without the prefix, so care must be taken to confirm alignment. We have separately included the genegroup code system to draw attention to this ambiguity and potential error.","StructureDefinition/senologie-somatische-mutation,StructureDefinition/senologie-pdl1-status","hl7.terminology.r4"
http://hl7.org/fhir/uv/genomics-reporting/ValueSet/hgvs-vs,3.0.0,active,,HGVSVS,Human Genome Variation Society (HGVS) Nomenclature,"HGVS-nomenclature is used to report and exchange information regarding variants found in DNA, RNA and protein sequences and serves as an international standard. (source: varnomen.hgvs.org)","StructureDefinition/senologie-somatische-mutation","hl7.terminology.r4"
http://hl7.org/fhir/uv/genomics-reporting/ValueSet/molecular-biomarker-category-vs,3.0.0,active,,MolecularBiomarkerCategoryVS,Molecular Biomarker Categories,"This value set is drawn from the Molecular Biomarker Ontology code system, which provides codes that characterize a molecular biomarker.","StructureDefinition/senologie-pdl1-status","hl7.fhir.uv.genomics-reporting"
http://hl7.org/fhir/uv/genomics-reporting/ValueSet/variant-confidence-status-vs,3.0.0,active,,VariantConfidenceStatusVS,Variant Confidence Status,"A code that classifies the confidence for calling this variant.","StructureDefinition/senologie-somatische-mutation","THO"
http://hl7.org/fhir/uv/ips/ValueSet/medicine-route-of-administration,2.0.0,active,,MedicineRouteOfAdministrationUvIps,Medicine EDQM Route of Administration - IPS,"While SNOMED remains a preferred binding for medicine route, EDQM (European Directorate for the Quality of Medicines and Healthcare) route of administration codes are allowed as additional binding.   EDQM (European Directorate for the Quality of Medicines and Healthcare) Route of Administration codes.  This Value Set includes all the EDQM Standard Terms having:   [Concept Status] = ‘C’ AND   [Concept Class] = 'ROA' AND   [Domain] = 'H+V'    C = 'Current'; ROA = 'Route of administration'; H+V = 'Human and Veterinary'","StructureDefinition/senologie-systemtherapie-medikation","Other"
http://hl7.org/fhir/uv/ips/ValueSet/target-site-uv-ips,1.1.0,active,,TargetSiteUvIps,Target Site - IPS,"This value set includes codes from SNOMED Clinical Terms®: all descendants of 442083009 | Anatomical or acquired body structure (body structure)|.","StructureDefinition/senologie-systemtherapie-medikation","SCT"
http://ig.fhir.de/igs/medication/ValueSet/DosageDoseQuantityDE,1.0.4,active,,DosageDoseQuantityDEVS,Dosage DoseQuantity ValueSet,"Diese ValueSet enthält Konzepte für die Dosierungseinheit in der Dosiermenge.","StructureDefinition/senologie-systemtherapie-medikation","UCUM,kbv.all.st"
http://loinc.org/vs/LL1040-6,null,active,,LOINCAnswersLL1040-6,LOINC Answer Codes for LL1040-6,"","StructureDefinition/senologie-somatische-mutation","LOINC"
http://loinc.org/vs/LL1971-2,null,active,,LOINCAnswersLL1971-2,LOINC Answer Codes for LL1971-2,"","StructureDefinition/senologie-somatische-mutation","LOINC"
http://loinc.org/vs/LL2938-0,null,active,,LOINCAnswersLL2938-0,LOINC Answer Codes for LL2938-0,"","StructureDefinition/senologie-somatische-mutation","LOINC"
http://loinc.org/vs/LL378-1,null,active,,LOINCAnswersLL378-1,LOINC Answer Codes for LL378-1,"","StructureDefinition/senologie-somatische-mutation","LOINC"
http://loinc.org/vs/LL381-5,null,active,,LOINCAnswersLL381-5,LOINC Answer Codes for LL381-5,"","StructureDefinition/senologie-somatische-mutation","LOINC"
http://loinc.org/vs/LL4048-6,null,active,,LOINCAnswersLL4048-6,LOINC Answer Codes for LL4048-6,"","StructureDefinition/senologie-somatische-mutation","LOINC"
http://loinc.org/vs/LL4050-2,null,active,,LOINCAnswersLL4050-2,LOINC Answer Codes for LL4050-2,"","StructureDefinition/senologie-somatische-mutation","LOINC"
http://loinc.org/vs/LL5323-2,null,active,,LOINCAnswersLL5323-2,LOINC Answer Codes for LL5323-2,"","StructureDefinition/senologie-somatische-mutation","LOINC"
http://loinc.org/vs/LL5489-1,null,active,,LOINCAnswersLL5489-1,LOINC Answer Codes for LL5489-1,"","StructureDefinition/senologie-somatische-mutation","LOINC"
http://snomed.info/sct?fhir_vs=isa/373873005,null,active,,SCTValueSetFor373873005,SCT ValueSet for 373873005,"SNOMED CT Concepts that is-a 373873005","StructureDefinition/senologie-begleitmedikation","SCT"
http://terminology.hl7.org/ValueSet/v2-0371,3.0.0,active,"2.16.840.1.113883.21.245",Hl7VSAdditivePreservative,hl7VS-additivePreservative,"Concepts specifying any additive introduced to the specimen before or at the time of collection.  These additives may be introduced in order to preserve, maintain or enhance the particular nature or component of the specimen.  Used in Version 2 messaging in the SPM segment.","StructureDefinition/senologie-pathologie-praeparat","THO (V2)"
http://terminology.hl7.org/ValueSet/v2-0487,3.0.0,active,"2.16.840.1.113883.21.327",Hl7VSSpecimenType,hl7VS-specimenType,"Concepts that describe the precise nature of an entity that may be used as the source material for an observation.  This is one of two code systems that are used instead of table 0070 (code system xxxx) which conflated specimen types and specimen collection methods.   Used in Version 2 messaging in the SPM segment.","StructureDefinition/senologie-pathologie-praeparat","THO (V2)"
http://terminology.hl7.org/ValueSet/v2-0493,3.0.0,active,"2.16.840.1.113883.21.333",Hl7VSSpecimenCondition,hl7VS-specimenCondition,"Concepts of modes or states of being that describe the nature of a specimen.  Used in Version 2 messaging in the SPM segment.","StructureDefinition/senologie-pathologie-praeparat","THO (V2)"
http://terminology.hl7.org/ValueSet/v2-0916,3.0.0,active,"2.16.840.1.113883.21.440",Hl7VSRelevantClincialInformation,hl7VS-relevantClincialInformation,"Value Set of codes that specify additional clinical information about the patient or specimen to report the supporting and/or suspected diagnosis and clinical findings on requests for interpreted diagnostic studies.","StructureDefinition/senologie-pathologie-praeparat","THO (V2)"
http://terminology.hl7.org/ValueSet/v3-ActSubstanceAdminSubstitutionCode,3.0.0,active,"2.16.840.1.113883.1.11.16621",ActSubstanceAdminSubstitutionCode,ActSubstanceAdminSubstitutionCode,"***No description***","StructureDefinition/senologie-geplante-systemtherapie","THO (V3)"
http://terminology.hl7.org/ValueSet/v3-FamilyMember,3.0.0,active,"2.16.840.1.113883.1.11.19579",FamilyMember,FamilyMember,"A relationship between two people characterizing their ""familial"" relationship","StructureDefinition/senologie-familienanamnese","THO (V3)"
http://terminology.hl7.org/ValueSet/v3-ServiceDeliveryLocationRoleType,3.0.0,active,"2.16.840.1.113883.1.11.17660",ServiceDeliveryLocationRoleType,ServiceDeliveryLocationRoleType,"A role of a place that further classifies the setting (e.g., accident site, road side, work site, community location) in which services are delivered.","StructureDefinition/senologie-op-planung","THO (V3)"
http://terminology.hl7.org/ValueSet/v3-SubstanceAdminSubstitutionReason,3.0.0,active,"2.16.840.1.113883.1.11.19377",SubstanceAdminSubstitutionReason,SubstanceAdminSubstitutionReason,"***No description***","StructureDefinition/senologie-geplante-systemtherapie","THO (V3)"
https://www.medizininformatik-initiative.de/fhir/core/modul-diagnose/ValueSet/mii-vs-diagnose-alphaid,2026.0.0,active,,MII_VS_Diagnose_AlphaID,MII VS Diagnose Alpha-ID,"Enthaelt Alpha-ID-Codes der Versionen 2018 bis 2025","StructureDefinition/senologie-diagnose-maligne","de.basisprofil.r4"
https://www.medizininformatik-initiative.de/fhir/core/modul-diagnose/ValueSet/mii-vs-diagnose-bodystructure-snomed,2026.0.0,active,,MII_VS_Diagnose_BodyStructure_SNOMED,MII VS Diagnose BodyStructure SNOMED,"Enthaelt alle SNOMED Body structure codes","StructureDefinition/senologie-diagnose-maligne","SCT"
https://www.medizininformatik-initiative.de/fhir/core/modul-diagnose/ValueSet/mii-vs-diagnose-icd10gm,2026.0.0,active,,MII_VS_Diagnose_ICD10GM,MII VS Diagnose ICD-10-GM,"Enthaelt ICD-10-GM-Codes der Versionen 2009 bis 2025","StructureDefinition/senologie-diagnose-maligne","de.basisprofil.r4"
https://www.medizininformatik-initiative.de/fhir/core/modul-diagnose/ValueSet/mii-vs-diagnose-orphanet,2026.0.0,active,,MII_VS_Diagnose_Orphanet,MII VS Diagnose Orphanet,"Enthaelt alle Orpha-Kennnummern (ORPHAcodes)","StructureDefinition/senologie-diagnose-maligne","Other"
https://www.medizininformatik-initiative.de/fhir/core/modul-medikation/ValueSet/fallkontext,2026.0.1,active,,MII_VS_Medikation_Fallkontext,MII VS Medikation Fallkontext,"Codes zur Differenzierung des Kontextes in dem eine Medikationsliste verwaltet wird.","StructureDefinition/senologie-systemtherapie-medikation","de.ihe-d.terminology"
https://www.medizininformatik-initiative.de/fhir/core/modul-medikation/ValueSet/mii-vs-medikation-atc,2026.0.1,active,,MII_VS_Medikation_ATC,MII VS Medikation ATC,"Enthaelt ATC-Codes der Versionen 2018 bis 2024","StructureDefinition/senologie-systemtherapie-medikation","de.basisprofil.r4"
https://www.medizininformatik-initiative.de/fhir/core/modul-prozedur/ValueSet/mii-vs-prozedur-ops,2026.0.0,active,,MII_VS_Prozedur_OPS,MII VS Prozedur OPS,"Enthaelt OPS-Codes der Versionen 2010 bis 2025","StructureDefinition/senologie-systemtherapie-procedure,StructureDefinition/senologie-strahlentherapie","de.basisprofil.r4"
https://www.medizininformatik-initiative.de/fhir/core/modul-prozedur/ValueSet/procedures-category-sct,2026.0.0,active,,MII_VS_Prozedur_OpsKategorien_SNOMEDCT,MII VS Prozedur OPS Kategorien [SNOMED CT],"Enthaelt alle SNOMED CT Codes für ein Mapping der OPS Klassentitel","StructureDefinition/senologie-operation,StructureDefinition/senologie-systemtherapie-procedure,StructureDefinition/senologie-strahlentherapie","SCT"
https://www.medizininformatik-initiative.de/fhir/core/modul-prozedur/ValueSet/procedures-sct,2026.0.0,active,,MII_VS_Prozedur_Prozeduren_SNOMEDCT,MII VS Prozedur Prozeduren [SNOMED CT],"Enthaelt alle SNOMED CT Procedure Codes","StructureDefinition/senologie-systemtherapie-procedure,StructureDefinition/senologie-strahlentherapie","SCT"
https://www.medizininformatik-initiative.de/fhir/ext/modul-biobank/ValueSet/mii-vs-biobank-body-structures-sct,2026.0.0,active,,MII_VS_Biobank_BodyStructures_SCT,MII VS Biobank BodyStructures SCT,"Value Set for Specimen Collection Body Structures (SNOMED CT)","StructureDefinition/senologie-pathologie-praeparat","SCT"
https://www.medizininformatik-initiative.de/fhir/ext/modul-biobank/ValueSet/mii-vs-biobank-laboratory-procedure-sct,2026.0.0,active,,MII_VS_Biobank_Laboratory_Procedure_SCT,MII VS Biobank Laboratory Procedure SCT,"Value Set for Specimen Processing Laboratory Procedures (SNOMED CT)","StructureDefinition/senologie-pathologie-praeparat","SCT"
https://www.medizininformatik-initiative.de/fhir/ext/modul-biobank/ValueSet/mii-vs-biobank-probenart-sct,2026.0.0,active,,MII_VS_Biobank_Probenart_SCT,MII VS Biobank Probenart SCT,"Value Set for Sample Types (SNOMED CT)","StructureDefinition/senologie-pathologie-praeparat","SCT"
https://www.medizininformatik-initiative.de/fhir/ext/modul-mtb/ValueSet/mii-vs-mtb-molekulare-biomarker,2026.0.1,active,,MII_VS_MTB_Molekulare_Biomarker,MII VS Molekulare Biomarker,"ValueSet zum CS Molekulare Biomarker","StructureDefinition/senologie-pdl1-status","de.medizininformatikinitiative.kerndatensatz.mtb"
https://www.medizininformatik-initiative.de/fhir/ext/modul-onko/ValueSet/mii-vs-onko-beurteilung-lokaler-residualstatus,2026.0.3,active,,MII_VS_Onko_Beurteilung_Lokaler_Residualstatus,MII VS Onkologie Beurteilung des lokalen Residualstatus,"Value Set für oBDS-Codes für die Beurteilung des lokalen Residualstatus","StructureDefinition/senologie-operation","de.medizininformatikinitiative.kerndatensatz.onkologie"
https://www.medizininformatik-initiative.de/fhir/ext/modul-onko/ValueSet/mii-vs-onko-genetische-variante-auspraegung,2026.0.3,active,,MII_VS_Onko_Genetische_Variante_Auspraegung,MII_VS Onkologie Genetische Variante Ausprägung,"Value Set für oBDS-Codes für Ausprägung der Genetischen Variante","StructureDefinition/senologie-somatische-mutation","de.medizininformatikinitiative.kerndatensatz.onkologie"
https://www.medizininformatik-initiative.de/fhir/ext/modul-onko/ValueSet/mii-vs-onko-icdo3-morphologie,2026.0.3,active,,MII_VS_Onko_ICDO3_Morphologie,MII VS Onkologie ICD-O-3 Morphologie,"Codes für histologische Morphologie und Verhalten einer neoplastischen Veränderung","StructureDefinition/senologie-diagnose-maligne","THO"
https://www.medizininformatik-initiative.de/fhir/ext/modul-onko/ValueSet/mii-vs-onko-icdo3-topographie,2026.0.3,active,,MII_VS_Onko_ICDO3_Topographie,MII VS Onkologie ICD-O-3 Topographie,"Codes für Topographie einer neoplastischen Veränderung","StructureDefinition/senologie-pathologie-praeparat,StructureDefinition/senologie-diagnose-maligne","THO"
https://www.medizininformatik-initiative.de/fhir/ext/modul-onko/ValueSet/mii-vs-onko-mamma-intraoperatives-imaging-praeparat,2026.0.3,active,,MII_VS_Onko_Mamma_Intraoperatives_Imaging_Praeparat,,"Value Set für intraoperatives Imaging des Präparats nach Exzision bei Mamma-Karzinom","StructureDefinition/senologie-operation","SCT"
https://www.medizininformatik-initiative.de/fhir/ext/modul-onko/ValueSet/mii-vs-onko-mamma-operation-ops,2026.0.3,active,,MII_VS_Onko_Mamma_Operation_OPS,,"Value Set für Mamma-Operationen basierend auf OPS","StructureDefinition/senologie-operation","de.basisprofil.r4"
https://www.medizininformatik-initiative.de/fhir/ext/modul-onko/ValueSet/mii-vs-onko-mamma-operation-sct,2026.0.3,active,,MII_VS_Onko_Mamma_Operation_SCT,,"Value Set für Mamma-Operationen basierend auf SNOMED CT","StructureDefinition/senologie-operation","SCT"
https://www.medizininformatik-initiative.de/fhir/ext/modul-onko/ValueSet/mii-vs-onko-mamma-praeoperative-markierung-modalitaet,2026.0.3,active,,MII_VS_Onko_Mamma_Praeoperative_Markierung_Modalitaet,,"Value Set für Imagingmodalität der präoperativen Markierung bei Mamma-Karzinom","StructureDefinition/senologie-operation","SCT"
https://www.medizininformatik-initiative.de/fhir/ext/modul-onko/ValueSet/mii-vs-onko-nebenwirkung-art,2026.0.3,active,,MII_VS_Onko_Nebenwirkung_Art,MII VS Onkologie Nebenwirkung nach CTCAE Art,"oBDS-spezifisches ValueSet für Nebenwirkung nach CTCAE oder MedDRA code","StructureDefinition/senologie-nebenwirkung","hl7.terminology.r4"
https://www.medizininformatik-initiative.de/fhir/ext/modul-onko/ValueSet/mii-vs-onko-nebenwirkung-ctcae-grad,2026.0.3,active,,MII_VS_Onko_Nebenwirkung_CTCAE_Grad,MII VS Onkologie Nebenwirkung nach CTCAE Grad,"oBDS-spezifisches ValueSet für Nebenwirkung nach CTCAE-Grad","StructureDefinition/senologie-nebenwirkung","de.medizininformatikinitiative.kerndatensatz.onkologie"
https://www.medizininformatik-initiative.de/fhir/ext/modul-onko/ValueSet/mii-vs-onko-operation-intention,2026.0.3,active,,MII_VS_Onko_Operation_Intention,MII VS Onkologie Operation Intention,"Value Set für oBDS-Codes für Klassifikation von Intention der OP","StructureDefinition/senologie-operation","de.medizininformatikinitiative.kerndatensatz.onkologie"
https://www.medizininformatik-initiative.de/fhir/ext/modul-onko/ValueSet/mii-vs-onko-operation-komplikation,2026.0.3,active,,MII_VS_Onko_Operation_Komplikation,MII VS Onkologie Operation Komplikationen,"Value Set für oBDS-Codes für Klassifikation von Komplikationen während der OP","StructureDefinition/senologie-operation","de.medizininformatikinitiative.kerndatensatz.onkologie"
https://www.medizininformatik-initiative.de/fhir/ext/modul-onko/ValueSet/mii-vs-onko-operation-urgency,2026.0.3,active,,MII_VS_Onko_Operation_Urgency,,"Value Set für semantische Kodierung der oBDS-Modalität der Eingriffsdurchführung (Art des Eingriffs KR6)","StructureDefinition/senologie-operation","de.medizininformatikinitiative.kerndatensatz.onkologie"
https://www.medizininformatik-initiative.de/fhir/ext/modul-onko/ValueSet/mii-vs-onko-ops-strahlentherapie,2026.0.3,active,,MII_VS_Onko_OPS_Strahlentherapie,MII VS Onkologie OPS Strahlentherapie,"OPS-Codes für Strahlentherapie","StructureDefinition/senologie-strahlentherapie","de.basisprofil.r4"
https://www.medizininformatik-initiative.de/fhir/ext/modul-onko/ValueSet/mii-vs-onko-primaertumor-diagnosesicherung,2026.0.3,active,,MII_VS_Onko_Primaertumor_Diagnosesicherung,MII VS Onkologie Primärtumor Diagnosesicherung,"Codes für Primärtumor Diagnosesicherung, d.h. die höchste erreichte Diagnosesicherheit der Diagnose.","StructureDefinition/senologie-diagnose-maligne","de.medizininformatikinitiative.kerndatensatz.onkologie"
https://www.medizininformatik-initiative.de/fhir/ext/modul-onko/ValueSet/mii-vs-onko-seitenlokalisation,2026.0.3,active,,MII_VS_Onko_Seitenlokalisation,MII VS Onkologie Primärtumor Seitenlokalisation,"Codes für Seitenlokalisation, d.h. organspezifische Angabe der betroffenen Seite.","StructureDefinition/senologie-strahlentherapie,StructureDefinition/senologie-diagnose-maligne","de.medizininformatikinitiative.kerndatensatz.onkologie"
https://www.medizininformatik-initiative.de/fhir/ext/modul-onko/ValueSet/mii-vs-onko-strahlentherapie-applikationsart,2026.0.3,active,,MII_VS_Onko_Strahlentherapie_Applikationsart,MII VS Onkologie Strahlentherapie Applikationsart,"oBDS-spezifisches Codesystem für Klassifikation von Applikationsart der Strahlentherapie","StructureDefinition/senologie-strahlentherapie","de.medizininformatikinitiative.kerndatensatz.onkologie"
https://www.medizininformatik-initiative.de/fhir/ext/modul-onko/ValueSet/mii-vs-onko-strahlentherapie-boost,2026.0.3,active,,MII_VS_Onko_Strahlentherapie_Boosts,MII VS Onkologie Strahlentherapie Boost,"oBDS-spezifisches ValueSet für Klassifikation von Boosts bei Strahlentherapie","StructureDefinition/senologie-strahlentherapie","de.medizininformatikinitiative.kerndatensatz.onkologie"
https://www.medizininformatik-initiative.de/fhir/ext/modul-onko/ValueSet/mii-vs-onko-systemische-therapie-art,2026.0.3,active,,MII_VS_Onko_Systemische_Therapie_Art,MII VS Onkologie Systemische Therapie Art,"oBDS-spezifisches ValueSet für Klassifikation der Art der systemischen oder abwartenden Therapie","StructureDefinition/senologie-systemtherapie-procedure","de.medizininformatikinitiative.kerndatensatz.onkologie"
https://www.medizininformatik-initiative.de/fhir/ext/modul-onko/ValueSet/mii-vs-onko-systemische-therapie-intention,2026.0.3,active,,MII_VS_Onko_Systemische_Therapie_Intention,MII VS Onkologie Systemische Therapie Intention,"Value Set für oBDS-Codes für Klassifikation von Intention der Systemischen Therapie","StructureDefinition/senologie-systemtherapie-procedure","de.medizininformatikinitiative.kerndatensatz.onkologie"
https://www.medizininformatik-initiative.de/fhir/ext/modul-onko/ValueSet/mii-vs-onko-systemische-therapie-protokolle,2026.0.3,active,,MII_VS_Onko_Systemische_Therapie_Protokolle,MII VS Onkologie Systemische Therapie Protokolle,"oBDS-spezifisches ValueSet für Protokolle systemischer Therapien","StructureDefinition/senologie-systemtherapie-procedure","de.medizininformatikinitiative.kerndatensatz.onkologie"
https://www.medizininformatik-initiative.de/fhir/ext/modul-onko/ValueSet/mii-vs-onko-systemische-therapie-substanzen-unii,2026.0.3,active,,MII_VS_Onko_Systemische_Therapie_Substanzen_UNII,MII VS Onkologie Systemische Therapie Substanzen (UNII),"UNII-Codes für Substanzen der systemischen Therapie ohne ATC-Code. Ergänzung zum ATC-basierten Haupt-ValueSet für neuere und experimentelle onkologische Wirkstoffe.","StructureDefinition/senologie-systemtherapie-medikation","hl7.terminology.r4"
https://www.medizininformatik-initiative.de/fhir/ext/modul-onko/ValueSet/mii-vs-onko-verlauf-fernmetastasen,2026.0.3,active,,MII_VS_Onko_Verlauf_Fernmetastasen,MII VS Onkologie Verlauf Fernmetastasen,"oBDS-spezifisches ValueSet für die Beurteilung der Fernmetastasen im Behandlungsverlauf","StructureDefinition/senologie-follow-up","de.medizininformatikinitiative.kerndatensatz.onkologie"
https://www.medizininformatik-initiative.de/fhir/ext/modul-onko/ValueSet/mii-vs-onko-verlauf-gesamtbeurteilung,2026.0.3,active,,MII_VS_Onko_Verlauf_Gesamtbeurteilung,MII VS Onkologie Verlauf Gesamtbeurteilung,"oBDS-spezifisches ValueSet für die Gesamtbeurteilung im Behandlungsverlauf","StructureDefinition/senologie-follow-up","de.medizininformatikinitiative.kerndatensatz.onkologie"
https://www.medizininformatik-initiative.de/fhir/ext/modul-onko/ValueSet/mii-vs-onko-verlauf-lymphknoten,2026.0.3,active,,MII_VS_Onko_Verlauf_Lymphknoten,MII VS Onkologie Verlauf Lymphknoten,"oBDS-spezifisches ValueSet für die Beurteilung der Lymphknoten im Behandlungsverlauf","StructureDefinition/senologie-follow-up","de.medizininformatikinitiative.kerndatensatz.onkologie"
https://www.medizininformatik-initiative.de/fhir/ext/modul-onko/ValueSet/mii-vs-onko-verlauf-primaertumor,2026.0.3,active,,MII_VS_Onko_Verlauf_Primaertumor,MII VS Onkologie Verlauf Primärtumor,"oBDS-spezifisches ValueSet für die Beurteilung des Primärtumors im Behandlungsverlauf","StructureDefinition/senologie-follow-up","de.medizininformatikinitiative.kerndatensatz.onkologie"
https://www.medizininformatik-initiative.de/fhir/ext/modul-onko/ValueSet/mii-vs-strahlentherapie-strahlenart,2026.0.3,active,,MII_VS_Onko_Strahlentherapie_Strahlenart,MII VS Onkologie Strahlentherapie Strahlenart,"oBDS-spezifisches ValueSet für Klassifikation von Strahlenart bei Strahlentherapie","StructureDefinition/senologie-strahlentherapie","de.medizininformatikinitiative.kerndatensatz.onkologie"
https://www.medizininformatik-initiative.de/fhir/ext/modul-onko/ValueSet/mii-vs-strahlentherapie-strahlungseinheit,2026.0.3,active,,MII_VS_Onko_Strahlentherapie_Strahlungseinheit,MII VS Onkologie Strahlentherapie Strahlungseinheit,"oBDS-spezifisches ValueSet für Strahlungseinheit en für Strahlen- und Nuklearmedizinische Therapie","StructureDefinition/senologie-strahlentherapie","UCUM"
https://www.medizininformatik-initiative.de/fhir/ext/modul-onko/ValueSet/mii-vs-strahlentherapie-zielgebiet,2026.0.3,active,,MII_VS_Onko_Strahlentherapie_Zielgebiet,MII VS Onkologie Strahlentherapie Zielgebiet,"oBDS-spezifisches ValueSet für Klassifikation von Zielgebiet bei Strahlentherapie - unterstützt sowohl oBDS 2021 als auch oBDS 2014 Legacy-Codes","StructureDefinition/senologie-strahlentherapie","de.medizininformatikinitiative.kerndatensatz.onkologie"
https://www.medizininformatik-initiative.de/fhir/ext/modul-onko/ValueSet/mii-vs-systemische-therapie-ende-grund,2026.0.3,active,,MII_VS_Onko_Systemische_Therapie_Ende_Grund,MII VS Onkologie Systemische Therapie Ende Grund,"oBDS-spezifisches ValueSet für Klassifikation des Grundes der Beendigung der Systemischen Therapie","StructureDefinition/senologie-systemtherapie-procedure","de.medizininformatikinitiative.kerndatensatz.onkologie"
https://www.medizininformatik-initiative.de/fhir/ext/modul-onko/ValueSet/mii-vs-systemische-therapie-stellungzurop,2026.0.3,active,,MII_VS_Onko_Systemische_Therapie_StellungZurOp,MII VS Onkologie Systemische Therapie Stellung,"oBDS-spezifisches ValueSet für Klassifikation von Stellung zur OP","StructureDefinition/senologie-systemtherapie-procedure","de.medizininformatikinitiative.kerndatensatz.onkologie"
https://www.medizininformatik-initiative.de/fhir/ext/modul-patho/ValueSet/mii-vs-patho-collection-method-snomed-ct,2026.0.0,active,,MII_VS_Patho_Collection_Method_SNOMED_CT,MII VS Patho Collection Method [SNOMED CT],"ValueSet for the clinical collection method","StructureDefinition/senologie-pathologie-praeparat","SCT"
https://www.medizininformatik-initiative.de/fhir/ext/modul-patho/ValueSet/mii-vs-patho-container-type-snomed-ct,2026.0.0,active,,MII_VS_Patho_Container_Type_SNOMED_CT,MII VS Patho Container Type [SNOMED CT],"ValueSet for container type based on IHE PaLM's ContainerEntityClassType ValueSet","StructureDefinition/senologie-pathologie-praeparat","SCT"
https://www.medizininformatik-initiative.de/fhir/ext/modul-patho/ValueSet/mii-vs-patho-processing-procedure-snomed-ct,2026.0.0,active,,MII_VS_Patho_Processing_Procedure_SNOMED_CT,MII VS Patho Processing Procedure [SNOMED CT],"Specimen processing procedure","StructureDefinition/senologie-pathologie-praeparat","SCT"
https://www.medizininformatik-initiative.de/fhir/ext/modul-patho/ValueSet/mii-vs-patho-report-category-hl7,2026.0.0,active,,MII_VS_Patho_Report_Category_HL7,MII VS Patho Report Category HL7,"ValueSet for the categorization of Pathology Report documents","StructureDefinition/senologie-pathologie-befund","THO (V2)"
https://www.senologie.org/fhir/ValueSet/vs-oncobox-primaerfallart,0.1.0,draft,,VS_OncoBox_Primaerfallart,VS OncoBox Primaerfallart,"Primaerfallart nach OnkoZert-Systematik (OncoBox 2.0 D01)","StructureDefinition/ex-senologie-primaerfallart","Internal"
https://www.senologie.org/fhir/ValueSet/vs-senologie-diagnose,0.1.0,draft,,VS_Senologie_Diagnose,VS Senologie Diagnose,"Diagnosen für Mamma-Erkrankungen basierend auf Dotbase Codebook - SNOMED CT und lokale Codes","Questionnaire/senologie-diagnose-maligne","SCT,Internal"
https://www.senologie.org/fhir/ValueSet/vs-senologie-diagnose-b3,0.1.0,draft,,VS_Senologie_Diagnose_B3,VS Senologie B3 Läsionen,"B3 Läsionen der Mamma nach S3-Leitlinie",,"SCT"
https://www.senologie.org/fhir/ValueSet/vs-senologie-diagnose-lokal,0.1.0,draft,,VS_Senologie_Diagnose_Lokal,VS Senologie Diagnose Lokal,"Lokale Senologie-Codes ohne SNOMED CT Mapping (Binding für senologie-Slice)","StructureDefinition/senologie-diagnose-maligne","SCT,Internal"
https://www.senologie.org/fhir/ValueSet/vs-senologie-diagnose-sct,0.1.0,draft,,VS_Senologie_Diagnose_SCT,VS Senologie Diagnose SNOMED CT,"SNOMED CT Diagnosen für maligne Mamma-Erkrankungen (Binding für sct-Slice)","StructureDefinition/senologie-diagnose-maligne","SCT"
https://www.senologie.org/fhir/ValueSet/vs-senologie-diagnosesicherung,0.1.0,draft,,VSSenologieDiagnosesicherung,ValueSet Diagnosesicherung,"Art der Diagnosesicherung gemäß oBDS für onkologische Diagnosen","Questionnaire/senologie-diagnose-maligne","Internal"
https://www.senologie.org/fhir/ValueSet/vs-senologie-genexpressionstest,0.1.0,draft,,VS_Senologie_Genexpressionstest,VS Senologie Genexpressionstest,"Genexpressionstests zur Abschätzung des Rezidivrisikos bei Mammakarzinom","StructureDefinition/senologie-genexpressionstest,StructureDefinition/senologie-genexpressions-score","Internal"
https://www.senologie.org/fhir/ValueSet/vs-senologie-icd10,0.1.0,draft,,VSSenologieICD10,ValueSet Senologie ICD-10-GM,"ICD-10-GM Codes für Mamma-Erkrankungen (maligne und benigne) basierend auf Dotbase Codebook","Questionnaire/senologie-diagnose-maligne","de.basisprofil.r4"
https://www.senologie.org/fhir/ValueSet/vs-senologie-metastasierung,0.1.0,draft,,VS_Senologie_Metastasierung,VS Senologie Metastasierung,"Metastasierungsstatus - lokale Codes basierend auf Dotbase","Questionnaire/senologie-diagnose-maligne","Internal"
https://www.senologie.org/fhir/ValueSet/vs-senologie-nachsorge-art,0.1.0,draft,,VS_Senologie_Nachsorge_Art,VS Senologie Nachsorge Art,"Art der Nachsorge: aktiv (persönliche Untersuchung) oder passiv (Akten/Register) — OncoBox M03","StructureDefinition/senologie-follow-up","Internal"
https://www.senologie.org/fhir/ValueSet/vs-senologie-operation-art,0.1.0,draft,,Senologie_Operation_Art,BIH LM Senologie Operation,"Operationen im Rahmen der BIH-Spezifikation des Moduls Senologie","StructureDefinition/senologie-operation,Questionnaire/senologie-postop","SCT"
https://www.senologie.org/fhir/ValueSet/vs-senologie-risikoklasse,0.1.0,draft,,VS_Senologie_Risikoklasse,VS Senologie Risikoklasse,"Risikokategorien für Genexpressionstests (low, intermediate, high)","StructureDefinition/senologie-genexpressionstest","THO"
https://www.senologie.org/fhir/ValueSet/vs-senologie-screeningstatus,0.1.0,draft,,VS_Senologie_Screeningstatus,VS Senologie Screeningstatus,"Screeningstatus einer klinischen Studienteilnahme","StructureDefinition/ex-senologie-screeningstatus","SCT"
https://www.senologie.org/fhir/ValueSet/vs-senologie-seite,0.1.0,draft,,VS_Senologie_Seite,VS Senologie Seite,"Lateralität der Mamma-Erkrankung","StructureDefinition/senologie-klinische-untersuchung",
https://www.senologie.org/fhir/ValueSet/vs-senologie-studienname,0.1.0,draft,,VS_Senologie_Studienname,VS Senologie Studienname,"Auswahlliste klinischer Studien am Brustzentrum (OncoBox 2.0 K02). Enthält häufige Mammakarzinom-Studien. Die Liste ist erweiterbar (extensible Binding).","StructureDefinition/ex-senologie-studienname-code","Internal"
https://www.senologie.org/fhir/ValueSet/vs-senologie-systemtherapie-medikation,0.1.0,draft,,VS_Senologie_Systemtherapie_Medikation,VS Senologie Systemtherapie Medikation,"Medikamente der Mamma-Systemtherapie — SNOMED CT Codes, validiert über Terminologieserver (International Edition 2025-12-01)","ConceptMap/CM-Senologie-Medikation-SCT-ASK,ConceptMap/CM-Senologie-Medikation-SCT-ATC,StructureDefinition/senologie-systemtherapie-medikation,Questionnaire/senologie-systemtherapie","SCT"
https://www.senologie.org/fhir/ValueSet/vs-senologie-tumormanifestation,0.1.0,draft,,VS_Senologie_Tumormanifestation,VS Senologie Tumormanifestation,"Tumormanifestation bei Diagnosestellung (Mehrfachauswahl möglich)","StructureDefinition/senologie-diagnose-maligne","Internal"
https://www.senologie.org/fhir/ValueSet/vs-senologie-vitalstatus,0.1.0,draft,,VS_Senologie_Vitalstatus,VS Senologie Vitalstatus,"Vitalstatus der Patientin zum Meldezeitpunkt — OncoBox M04","StructureDefinition/senologie-follow-up","SCT"
https://www.senologie.org/fhir/ValueSet/vs-senologie-zweittumor,0.1.0,draft,,VS_Senologie_Zweittumor,VS Senologie Zweittumor,"Zweittumor diagnostiziert: ja/nein/unbekannt — OncoBox M08","StructureDefinition/senologie-follow-up","SCT"
