medicationId,patientId,substanz,substanzCode,beginn,ende,dosierung,status
Fall1-Begleitmedikation-Metoprolol,Fall1-Patient-Erika-Neumann,Metoprolol,372826007,2020-03-01,,1x täglich morgens,active
Fall2-Begleitmedikation-Ondansetron,Fall2-Patient-Lena-Hoffmann,Ondansetron,372487007,2025-03-01,,"8 mg i.v. vor Chemotherapie, ggf. 8 mg p.o. Folgetag",active
Fall2-Begleitmedikation-Zoledronat,Fall2-Patient-Lena-Hoffmann,Zoledronic acid,395926009,2025-03-01,,4 mg i.v. alle 4 Wochen,active
Fall3-Begleitmedikation-Anastrozol,Fall3-Patient-Sabine-Weber,Anastrozole,386910003,2025-06-20,,1x täglich,active
Fall5-Begleitmedikation-Letrozol,Fall5-Patient-Monika-Braun,Letrozole,386911004,2025-10-10,,1x täglich,active
Fall8-Begleitmedikation-Tamoxifen,Fall8-Patient-Klaus-Hartmann,Tamoxifen,373345002,2025-09-15,,"1x täglich 20 mg, Dauer 5 Jahre (Standard bei männlichem Mammakarzinom)",active
Fall9-Begleitmedikation-Tamoxifen,Fall9-Patient-Andrea-Wolf,Tamoxifen,373345002,2026-01-05,,"1x täglich 20 mg, initial prämenopausal, nach 2 Jahren Umstellung auf Aromataseinhibitor + GnRH-Agonist geplant",active
Example-Begleitmedikation-Metoprolol,example-patient,Metoprolol,372826007,2022-06-01,,1x täglich morgens,active
Fall1-Begleitmedikation-LThyroxin,Fall1-Patient-Erika-Neumann,Levothyroxine-containing product,768532006,2018-06-01,,1x täglich morgens nüchtern,active
